ntree,accuracy,F1
5,0.41834398034398035,0.0966100461752239
15,0.41883865683865684,0.10834765317165876
25,0.4112868140868141,0.10535487980054181
35,0.4030648180648181,0.09990677798513659
